leeyes_id,category,feature_name,baseline_status,decision_status,delivery_status,size,requirement_ids,acceptance_ref,implementation_refs,test_refs,verification_refs,dependencies,risk_notes,updated_at,delivery_ref
LEY-SHELL-001,シェル,3ペイン画面,Equivalent,NoAction,Existing,NA,,,,,,,,2026-08-20,
LEY-SHELL-002,シェル,メインバー,Equivalent,NoAction,Existing,NA,,,,,,,,2026-08-20,
LEY-SHELL-003,シェル,イメージバー,Equivalent,NoAction,Existing,NA,,,,,,,,2026-08-20,
LEY-SHELL-004,シェル,シークバー,Equivalent,NoAction,Existing,NA,,,,,,,,2026-08-20,
LEY-SHELL-005,シェル,ステータスバー,Equivalent,NoAction,Existing,NA,,,,,,,,2026-08-20,
LEY-SHELL-006,シェル,アドレスバー,Equivalent,NoAction,Existing,NA,,,,,,,,2026-08-20,
LEY-SHELL-007,シェル,一覧位置変更,Missing,Undecided,NotStarted,L,,,,,,レイアウト永続化,,2026-08-20,
LEY-SHELL-008,シェル,Viewer分離,Equivalent,NoAction,Existing,NA,,,,,,,,2026-08-20,
LEY-SHELL-009,シェル,全画面表示,Equivalent,NoAction,Existing,NA,,,,,,,,2026-08-20,
LEY-SHELL-010,シェル,全画面端UI,Equivalent,NoAction,Existing,NA,,,,,,,,2026-08-20,
LEY-SHELL-011,シェル,ペイン表示切替,Equivalent,NoAction,Existing,NA,,,,,,,,2026-08-20,
LEY-SHELL-012,シェル,バー・メニュー表示切替,Partial,Undecided,PartialExisting,M,,,,,,設定UI,,2026-08-20,
LEY-SHELL-013,シェル,常に手前,Missing,Undecided,NotStarted,S,,,,,,Tauri window API,,2026-08-20,
LEY-SHELL-014,シェル,タスクトレイ,Partial,Undecided,PartialExisting,M,,,,,,window lifecycle,終了意味の混同,2026-08-20,
LEY-FILER-001,ファイラ,Desktop起点ツリー,Equivalent,NoAction,Existing,NA,,,,,,,,2026-08-20,
LEY-FILER-002,ファイラ,書庫をツリー表示,Missing,Undecided,NotStarted,L,,,,,,archive index・仮想path,展開上限,2026-08-20,
LEY-FILER-003,ファイラ,書庫内階層閲覧,Partial,Undecided,PartialExisting,M,,,,,,仮想path,,2026-08-20,
LEY-FILER-004,ファイラ,入れ子書庫閲覧,Partial,Undecided,PartialExisting,L,,,,,,書庫基盤,zip bomb・一時容量,2026-08-20,
LEY-FILER-005,ファイラ,アドレス移動,Equivalent,NoAction,Existing,NA,,,,,,,,2026-08-20,
LEY-FILER-006,ファイラ,戻る・進む履歴,Equivalent,NoAction,Existing,NA,,,,,,,,2026-08-20,
LEY-FILER-007,ファイラ,特殊フォルダ移動,Missing,Undecided,NotStarted,S,,,,,,Windows known folders,,2026-08-20,
LEY-FILER-008,ファイラ,親階層へ,Equivalent,NoAction,Existing,NA,,,,,,,,2026-08-20,
LEY-FILER-009,ファイラ,手動更新,Equivalent,NoAction,Existing,NA,,,,,,,,2026-08-20,
LEY-FILER-010,ファイラ,自動更新,Missing,Undecided,NotStarted,M,,,,,,filesystem watcher,event storm,2026-08-20,
LEY-FILER-011,ファイラ,隠しファイル表示,Missing,Undecided,NotStarted,S,,,,,,platform属性,,2026-08-20,
LEY-FILER-012,ファイラ,未対応ファイル表示,Equivalent,NoAction,Existing,NA,,,,,,,,2026-08-20,
LEY-FILER-013,ファイラ,書庫サブフォルダ平坦化,Alternative,ReviewAlternative,AlternativeExisting,NA,,,,,,書庫ページ列,path traversal防止,2026-08-20,
LEY-FILER-014,ファイラ,インクリメンタル検索,Missing,Undecided,NotStarted,S,,,,,,一覧focus,IME,2026-08-20,
LEY-FILER-015,ファイラ,ツリー詳細動作,Partial,Undecided,PartialExisting,M,,,,,,ツリー設定,,2026-08-20,
LEY-FILER-016,ファイラ,移動後初期選択,Partial,Undecided,PartialExisting,S,,,,,,navigation state,,2026-08-20,
LEY-FILER-017,ファイラ,フォルダ・画像を開く規則,Partial,Undecided,PartialExisting,M,,,,,,command registry,,2026-08-20,
LEY-FILER-018,ファイラ,一覧配色,Missing,Undecided,NotStarted,S,,,,,,theme,contrast,2026-08-20,
LEY-FILER-019,ファイラ,一覧罫線・詳細書式,Partial,Undecided,PartialExisting,M,,,,,,list layout,accessibility,2026-08-20,
LEY-FILER-020,ファイラ,Explorerシェルメニュー,Alternative,ReviewAlternative,AlternativeExisting,NA,,,,,,既定アプリ・場所表示,shell拡張をプロセス内実行しない,2026-08-20,
LEY-SHELF-001,本棚,名前付き本棚作成,Missing,Undecided,NotStarted,L,,,,,,DB schema・tree UI,,2026-08-20,
LEY-SHELF-002,本棚,フォルダ・書庫登録,Equivalent,NoAction,Existing,NA,,,,,,,,2026-08-20,
LEY-SHELF-003,本棚,DnD登録,Missing,Undecided,NotStarted,M,,,,,,LEY-SHELF-001,drag payload,2026-08-20,
LEY-SHELF-004,本棚,テキスト入出力,Missing,Undecided,NotStarted,M,,,,,,LEY-SHELF-001,format versioning,2026-08-20,
LEY-SHELF-005,本棚,仮想階層閲覧,Partial,Undecided,PartialExisting,L,,,,,,LEY-SHELF-001,tree CRUD,2026-08-20,
LEY-SHELF-006,本棚,登録解除と実体操作の分離,Equivalent,NoAction,Existing,NA,,,,,,,,2026-08-20,
LEY-SHELF-007,本棚,消失登録の整理,Missing,Undecided,NotStarted,S,,,,,,library index,removable media誤判定,2026-08-20,
LEY-SHELF-008,本棚,起動時本棚,Missing,Undecided,NotStarted,S,,,,,,LEY-SHELF-001,,2026-08-20,
LEY-SHELF-009,本棚,本棚並べ替え・独自アイコン,Missing,Undecided,NotStarted,M,,,,,,LEY-SHELF-001,asset管理,2026-08-20,
LEY-MEDIA-001,メディア,メディア情報保存,Missing,Undecided,NotStarted,XL,,,,,,DB・scanner,容量・privacy,2026-08-20,
LEY-MEDIA-002,メディア,キャンセル時一括破棄,Missing,Undecided,NotStarted,M,,,,,,LEY-MEDIA-001,transaction,2026-08-20,
LEY-MEDIA-003,メディア,オフライン閲覧,Missing,Undecided,NotStarted,L,,,,,,LEY-MEDIA-001,,2026-08-20,
LEY-MEDIA-004,メディア,メディアサムネイル,Missing,Undecided,NotStarted,L,,,,,,LEY-MEDIA-001,cache容量・privacy,2026-08-20,
LEY-MEDIA-005,メディア,媒体有無アイコン,Missing,Undecided,NotStarted,M,,,,,,LEY-MEDIA-001・volume events,,2026-08-20,
LEY-MEDIA-006,メディア,メディア情報更新,Alternative,ReviewAlternative,AlternativeExisting,NA,,,,,,library rescan,媒体台帳用途は未達,2026-08-20,
LEY-MEDIA-007,メディア,差分確認,Alternative,ReviewAlternative,AlternativeExisting,M,,,,,,LEY-MEDIA-001,snapshot比較が必要,2026-08-20,
LEY-MEDIA-008,メディア,メディア識別規則,Missing,Undecided,NotStarted,M,,,,,,LEY-MEDIA-001,volume identity・privacy,2026-08-20,
LEY-MEDIA-009,メディア,メディア独自アイコン,Missing,Undecided,NotStarted,S,,,,,,LEY-MEDIA-001,asset管理,2026-08-20,
LEY-SEARCH-001,検索,複数ソース横断検索,Partial,Undecided,PartialExisting,M,,,,,,source abstraction,,2026-08-20,
LEY-SEARCH-002,検索,複数場所指定,Missing,Undecided,NotStarted,M,,,,,,path picker,権限境界,2026-08-20,
LEY-SEARCH-003,検索,ワイルドカード論理式,Partial,Undecided,PartialExisting,M,,,,,,query parser,escape・DoS,2026-08-20,
LEY-SEARCH-004,検索,下位階層検索,Equivalent,NoAction,Existing,NA,,,,,,,,2026-08-20,
LEY-SEARCH-005,検索,種別フィルター,Equivalent,NoAction,Existing,NA,,,,,,,,2026-08-20,
LEY-SEARCH-006,検索,検索結果保持,Equivalent,NoAction,Existing,NA,,,,,,,,2026-08-20,
LEY-SEARCH-007,検索,固定検索場所,Equivalent,NoAction,Existing,NA,,,,,,,,2026-08-20,
LEY-SEARCH-008,検索,全ファイルキャッシュ,Alternative,ReviewAlternative,AlternativeExisting,NA,,,,,,persistent library index,,2026-08-20,
LEY-SEARCH-009,検索,キャッシュ保存・破棄,Alternative,ReviewAlternative,AlternativeExisting,NA,,,,,,managed index lifecycle,,2026-08-20,
LEY-SEARCH-010,検索,サイズ条件,Equivalent,NoAction,Existing,NA,,,,,,,,2026-08-20,
LEY-SEARCH-011,検索,日付条件,Equivalent,NoAction,Existing,NA,,,,,,,,2026-08-20,
LEY-SEARCH-012,検索,結果とツリーの並行利用,Equivalent,NoAction,Existing,NA,,,,,,,,2026-08-20,
LEY-SEARCH-013,検索,検索再実行,Equivalent,NoAction,Existing,NA,,,,,,,,2026-08-20,
LEY-CATALOG-001,一覧,一覧表示,Equivalent,NoAction,Existing,NA,,,,,,,,2026-08-20,
LEY-CATALOG-002,一覧,詳細表示,Equivalent,NoAction,Existing,NA,,,,,,,,2026-08-20,
LEY-CATALOG-003,一覧,サムネイル表示,Equivalent,NoAction,Existing,NA,,,,,,,,2026-08-20,
LEY-CATALOG-004,一覧,ファイラ単位の表示保持,Alternative,ReviewAlternative,AlternativeExisting,S,,,,,,profile view preference,,2026-08-20,
LEY-CATALOG-005,一覧,並べ替え,Equivalent,NoAction,Existing,NA,,,,,,,,2026-08-20,
LEY-CATALOG-006,一覧,ファイルマスク,Partial,Undecided,PartialExisting,M,,,,,,LEY-SEARCH-003,query model,2026-08-20,
LEY-CATALOG-007,一覧,マスク詳細条件,Partial,Undecided,PartialExisting,M,,,,,,LEY-CATALOG-006,saved filters,2026-08-20,
LEY-CATALOG-008,一覧,画像サムネイル生成,Equivalent,NoAction,Existing,NA,,,,,,,,2026-08-20,
LEY-CATALOG-009,一覧,フォルダ・書庫表紙,Equivalent,NoAction,Existing,NA,,,,,,,,2026-08-20,
LEY-CATALOG-010,一覧,サイズ・生成方式,Partial,Undecided,PartialExisting,S,,,,,,thumbnail cache,cache key,2026-08-20,
LEY-CATALOG-011,一覧,種別アイコン・情報,Equivalent,NoAction,Existing,NA,,,,,,,,2026-08-20,
LEY-CATALOG-012,一覧,スクロール先行生成,Alternative,ReviewAlternative,AlternativeExisting,NA,,,,,,virtualization・lazy load,memory cap,2026-08-20,
LEY-CATALOG-013,一覧,サムネイル保存方針,Alternative,ReviewAlternative,AlternativeExisting,NA,,,,,,managed cache,privacy,2026-08-20,
LEY-CATALOG-014,一覧,キャッシュ管理,Alternative,ReviewAlternative,AlternativeExisting,S,,,,,,managed cache,cleanup,2026-08-20,
LEY-CATALOG-015,一覧,表示中サムネイル保存,Equivalent,NoAction,Existing,NA,,,,,,,,2026-08-20,
LEY-CATALOG-016,一覧,再帰一括読込,Missing,Undecided,NotStarted,M,,,,,,thumbnail pipeline,long task・cancel,2026-08-20,
LEY-FILE-001,ファイル操作,ファイルダイアログで開く,Partial,Undecided,PartialExisting,S,,,,,,Tauri file picker,file filters,2026-08-20,
LEY-FILE-002,ファイル操作,全画面で開く,Equivalent,NoAction,Existing,NA,,,,,,,,2026-08-20,
LEY-FILE-003,ファイル操作,スライドショーで開く,Equivalent,NoAction,Existing,NA,,,,,,,,2026-08-20,
LEY-FILE-004,ファイル操作,Explorer・関連付け起動,Equivalent,NoAction,Existing,NA,,,,,,,,2026-08-20,
LEY-FILE-005,ファイル操作,外部アプリ登録,Missing,Undecided,NotStarted,M,,,,,,command allowlist,command injection,2026-08-20,
LEY-FILE-006,ファイル操作,外部起動詳細,Missing,Undecided,NotStarted,M,,,,,,LEY-FILE-005,quoting・command injection,2026-08-20,
LEY-FILE-007,ファイル操作,アプリ選択履歴,Missing,Undecided,NotStarted,S,,,,,,LEY-FILE-005,privacy,2026-08-20,
LEY-FILE-008,ファイル操作,実行ファイル起動,Rejected,DeclinedSafety,Rejected,NA,,,,,,,任意コード実行,2026-08-20,
LEY-FILE-009,ファイル操作,最近使った項目,Partial,Undecided,PartialExisting,M,,,,,,history store,privacy・missing path,2026-08-20,
LEY-FILE-010,ファイル操作,画像を閉じる,Equivalent,NoAction,Existing,NA,,,,,,,,2026-08-20,
LEY-FILE-011,ファイル操作,削除,Equivalent,NoAction,Existing,NA,,,,,,,,2026-08-20,
LEY-FILE-012,ファイル操作,名前変更,Equivalent,NoAction,Existing,NA,,,,,,,,2026-08-20,
LEY-FILE-013,ファイル操作,プロパティ,Equivalent,NoAction,Existing,NA,,,,,,,,2026-08-20,
LEY-FILE-014,ファイル操作,新規フォルダ,Equivalent,NoAction,Existing,NA,,,,,,,,2026-08-20,
LEY-FILE-015,ファイル操作,親単位削除,Alternative,ReviewAlternative,AlternativeExisting,NA,,,,,,明示選択削除,誤削除,2026-08-20,
LEY-FILE-016,ファイル操作,元に戻す,Missing,Undecided,NotStarted,L,,,,,,operation journal,外部変更・回復不能操作,2026-08-20,
LEY-FILE-017,ファイル操作,切取・コピー・貼付,Equivalent,NoAction,Existing,NA,,,,,,,,2026-08-20,
LEY-FILE-018,ファイル操作,指定先へコピー・移動,Equivalent,NoAction,Existing,NA,,,,,,,,2026-08-20,
LEY-FILE-019,ファイル操作,パス・親パスコピー,Equivalent,NoAction,Existing,NA,,,,,,,,2026-08-20,
LEY-FILE-020,ファイル操作,ドラッグ＆ドロップ,Partial,Undecided,PartialExisting,M,,,,,,platform drag payload,外部path検証,2026-08-20,
LEY-FILE-021,ファイル操作,削除設定,Alternative,ReviewAlternative,AlternativeExisting,NA,,,,,,safe confirmation policy,,2026-08-20,
LEY-FILE-022,ファイル操作,名前変更設定,Missing,Undecided,NotStarted,M,,,,,,rename preview,collision・拡張子,2026-08-20,
LEY-FILE-023,ファイル操作,選択コマンド,Equivalent,NoAction,Existing,NA,,,,,,,,2026-08-20,
LEY-VIEWER-001,Viewer,順次ページ移動,Equivalent,NoAction,Existing,NA,,,,,,,,2026-08-20,
LEY-VIEWER-002,Viewer,先頭・末尾移動,Alternative,ReviewAlternative,AlternativeExisting,S,,,,,,page selector,,2026-08-20,
LEY-VIEWER-003,Viewer,表示単位移動,Equivalent,NoAction,Existing,NA,,,,,,,,2026-08-20,
LEY-VIEWER-004,Viewer,1ファイル単位移動,Missing,Selected,Published,S,REQ-FR-B23-001,docs/current/requirements.md#leeyes-viewer操作外観の受入条件,src/features/viewer/model.ts;src/features/viewer/Viewer.tsx,src/features/viewer/model.test.ts;src/features/viewer/Viewer.test.tsx,docs/current/verification.md#fr-b23-leeyes-viewer操作外観;Windows tests PASS;Rust canonical PASS;CoDD PASS,spread state,,2026-08-20,SELF
LEY-VIEWER-005,Viewer,ページ番号ジャンプ,Alternative,ReviewAlternative,AlternativeExisting,NA,,,,,,page selector,,2026-08-20,
LEY-VIEWER-006,Viewer,ランダム移動,Missing,Undecided,NotStarted,S,,,,,,page sequence,random policy,2026-08-20,
LEY-VIEWER-007,Viewer,スライドショー,Partial,Undecided,PartialExisting,M,,,,,,timer/background,,2026-08-20,
LEY-VIEWER-008,Viewer,スライド詳細設定,Missing,Undecided,NotStarted,M,,,,,,LEY-VIEWER-007,timing・focus,2026-08-20,
LEY-VIEWER-009,Viewer,境界動作,Partial,Undecided,PartialExisting,M,,,,,,library ordering,,2026-08-20,
LEY-VIEWER-010,Viewer,しおり,Partial,Undecided,PartialExisting,M,,,,,,DB schema,migration,2026-08-20,
LEY-VIEWER-011,Viewer,画像をクリップボードへコピー,Missing,Undecided,NotStarted,M,,,,,,image encoding・clipboard,memory,2026-08-20,
LEY-VIEWER-012,Viewer,一覧選択同期,Missing,Undecided,NotStarted,M,,,,,,cross-window state,,2026-08-20,
LEY-VIEWER-013,Viewer,自動・単ページ・見開き,Partial,Undecided,PartialExisting,M,,,,,,spread heuristic,,2026-08-20,
LEY-VIEWER-014,Viewer,見開き条件,Partial,Undecided,PartialExisting,M,,,,,,LEY-VIEWER-013,rule complexity,2026-08-20,
LEY-VIEWER-015,Viewer,綴じ方向,Equivalent,NoAction,Existing,NA,,,,,,,,2026-08-20,
LEY-VIEWER-016,Viewer,シーク直接移動,Equivalent,NoAction,Existing,NA,,,,,,,,2026-08-20,
LEY-VIEWER-017,Viewer,シーク左原点切替,Alternative,ReviewAlternative,AlternativeExisting,S,,,,,,reading direction UX,,2026-08-20,
LEY-VIEWER-018,Viewer,フィットモード,Equivalent,NoAction,Existing,NA,,,,,,,,2026-08-20,
LEY-VIEWER-019,Viewer,フィット詳細,Partial,Undecided,PartialExisting,M,,,,,,layout math,,2026-08-20,
LEY-VIEWER-020,Viewer,倍率直接入力,Partial,Undecided,PartialExisting,S,,,,,,zoom controls,clamp,2026-08-20,
LEY-VIEWER-021,Viewer,ピクセル寸法指定,Missing,Undecided,NotStarted,S,,,,,,zoom model,usefulness確認,2026-08-20,
LEY-VIEWER-022,Viewer,一時・段階ズーム,Partial,Undecided,PartialExisting,S,,,,,,profile persistence,,2026-08-20,
LEY-VIEWER-023,Viewer,原寸表示,Equivalent,NoAction,Existing,NA,,,,,,,,2026-08-20,
LEY-VIEWER-024,Viewer,補間方式,Alternative,ReviewAlternative,AlternativeExisting,NA,,,,,,render backend,旧algorithm互換は非推奨,2026-08-20,
LEY-VIEWER-025,Viewer,背景・余白・間隔,Partial,Selected,Published,S,REQ-FR-B23-002;REQ-FR-B23-004,docs/current/requirements.md#leeyes-viewer操作外観の受入条件,src/features/viewer/Viewer.tsx;src/styles.css;src/features/settings/profile.ts;src/features/settings/SettingsDialog.tsx;src/App.tsx;src-tauri/src/application/mod.rs;src-tauri/src/state/repository.rs,src/features/viewer/Viewer.test.tsx;src/features/settings/profile.test.ts;src/App.test.tsx;src-tauri/src/application/mod.rs;src-tauri/src/state/repository.rs;tests/test_ui_styles.py,docs/current/verification.md#fr-b23-leeyes-viewer操作外観;Windows tests PASS;Rust canonical PASS;Windows build PASS;CoDD PASS,theme・profile,,2026-08-20,SELF
LEY-VIEWER-026,Viewer,スクロール・パン・アニメーション,Partial,Undecided,PartialExisting,M,,,,,,input・layout,accessibility,2026-08-20,
LEY-VIEWER-027,Viewer,N字・Z字スクロール,Partial,Undecided,PartialExisting,M,,,,,,LEY-VIEWER-026・reading direction,,2026-08-20,
LEY-VIEWER-028,Viewer,カーソル自動非表示,Missing,Selected,Published,S,REQ-FR-B23-003;REQ-FR-B23-004,docs/current/requirements.md#leeyes-viewer操作外観の受入条件,src/features/viewer/Viewer.tsx;src/styles.css;src/features/settings/profile.ts;src/features/settings/SettingsDialog.tsx;src/App.tsx;src-tauri/src/application/mod.rs;src-tauri/src/state/repository.rs,src/features/viewer/Viewer.test.tsx;src/features/settings/profile.test.ts;src/App.test.tsx;src-tauri/src/application/mod.rs;tests/test_ui_styles.py,docs/current/verification.md#fr-b23-leeyes-viewer操作外観;Windows tests PASS;Rust canonical PASS;Windows build PASS;CoDD PASS,fullscreen pointer UX,,2026-08-20,SELF
LEY-VIEWER-029,Viewer,ルーペ,Partial,Undecided,PartialExisting,M,,,,,,GPU rendering,performance,2026-08-20,
LEY-VIEWER-030,Viewer,回転・反転,Missing,Undecided,NotStarted,M,,,,,,spread・cache,,2026-08-20,
LEY-VIEWER-031,Viewer,グリッド,Missing,Undecided,NotStarted,S,,,,,,overlay,,2026-08-20,
LEY-VIEWER-032,Viewer,先読み,Partial,Undecided,PartialExisting,M,,,,,,decode cache,memory cap,2026-08-20,
LEY-VIEWER-033,Viewer,全画面終了・スクリーンセーバー制御,Partial,Undecided,PartialExisting,S,,,,,,OS power APIs,platform差,2026-08-20,
LEY-VIEWER-034,Viewer,分離Viewer操作,Equivalent,NoAction,Existing,NA,,,,,,,,2026-08-20,
LEY-INPUT-001,入力,複数キー割当,Partial,Undecided,PartialExisting,M,,,,,,shortcut registry,conflict UI,2026-08-20,
LEY-INPUT-002,入力,グローバル・Viewer優先順位,Equivalent,NoAction,Existing,NA,,,,,,,,2026-08-20,
LEY-INPUT-003,入力,綴じ方向キー交換,Equivalent,NoAction,Existing,NA,,,,,,,,2026-08-20,
LEY-INPUT-004,入力,キー割当初期化,Partial,Undecided,PartialExisting,S,,,,,,profile,,2026-08-20,
LEY-INPUT-005,入力,キースクロール設定,Partial,Undecided,PartialExisting,M,,,,,,LEY-VIEWER-026,accessibility,2026-08-20,
LEY-INPUT-006,入力,一覧マウス割当,Missing,Undecided,NotStarted,M,,,,,,command registry,,2026-08-20,
LEY-INPUT-007,入力,Viewerマウス割当,Equivalent,NoAction,Existing,NA,,,,,,,,2026-08-20,
LEY-INPUT-008,入力,4象限クリック,Missing,Undecided,NotStarted,M,,,,,,command registry,touch・selection競合,2026-08-20,
LEY-INPUT-009,入力,右クリック割当,Missing,Undecided,NotStarted,S,,,,,,command registry,context menu競合,2026-08-20,
LEY-INPUT-010,入力,ドラッグ係数,Missing,Undecided,NotStarted,S,,,,,,pointer settings,device variance,2026-08-20,
LEY-INPUT-011,入力,5ボタン対応,Equivalent,NoAction,Existing,NA,,,,,,,,2026-08-20,
LEY-INPUT-012,入力,ホイール不感帯,Missing,Undecided,NotStarted,S,,,,,,wheel input,trackpad影響,2026-08-20,
LEY-INPUT-013,入力,ドラッグ矩形ズーム,Missing,Undecided,NotStarted,M,,,,,,pointer capture,Leeyes現行挙動未確認,2026-08-20,
LEY-FILTER-001,フィルター,フィルターセット管理,Missing,Undecided,NotStarted,M,,,,,,filter engine,,2026-08-20,
LEY-FILTER-002,フィルター,順序付きチェーン,Missing,Undecided,NotStarted,L,,,,,,filter pipeline,cache・順序,2026-08-20,
LEY-FILTER-003,フィルター,グレースケール,Missing,Undecided,NotStarted,S,,,,,,filter engine,color space,2026-08-20,
LEY-FILTER-004,フィルター,レベル補正,Missing,Undecided,NotStarted,M,,,,,,filter engine・histogram,,2026-08-20,
LEY-FILTER-005,フィルター,ガンマ補正,Missing,Undecided,NotStarted,S,,,,,,filter engine,color space,2026-08-20,
LEY-FILTER-006,フィルター,コントラスト,Missing,Undecided,NotStarted,S,,,,,,filter engine,color management,2026-08-20,
LEY-FILTER-007,フィルター,明るさ,Missing,Undecided,NotStarted,S,,,,,,filter engine,color management,2026-08-20,
LEY-FILTER-008,フィルター,ヒストグラム均等化,Missing,Undecided,NotStarted,M,,,,,,filter engine・histogram,performance,2026-08-20,
LEY-FILTER-009,フィルター,ポスタリゼーション,Missing,Undecided,NotStarted,S,,,,,,filter engine,color depth,2026-08-20,
LEY-FILTER-010,フィルター,色反転,Missing,Undecided,NotStarted,S,,,,,,filter engine,alpha,2026-08-20,
LEY-FILTER-011,フィルター,トーンカーブ,Missing,Undecided,NotStarted,L,,,,,,filter engine・curve editor,,2026-08-20,
LEY-FILTER-012,フィルター,シャープ,Missing,Undecided,NotStarted,M,,,,,,filter engine,artifacts,2026-08-20,
LEY-FILTER-013,フィルター,アンシャープマスク,Missing,Undecided,NotStarted,M,,,,,,filter engine,kernel performance,2026-08-20,
LEY-FILTER-014,フィルター,ぼかし,Missing,Undecided,NotStarted,M,,,,,,filter engine,kernel performance,2026-08-20,
LEY-FILTER-015,フィルター,トリミング,Missing,Undecided,NotStarted,M,,,,,,filter engine・spread coordinates,,2026-08-20,
LEY-FILTER-016,フィルター,余白追加,Missing,Undecided,NotStarted,S,,,,,,filter engine・LEY-VIEWER-025,,2026-08-20,
LEY-SETTING-001,設定,統合設定画面,Equivalent,NoAction,Existing,NA,,,,,,,,2026-08-20,
LEY-SETTING-002,設定,名前付き設定保存,Equivalent,NoAction,Existing,NA,,,,,,,,2026-08-20,
LEY-SETTING-003,設定,設定読込,Equivalent,NoAction,Existing,NA,,,,,,,,2026-08-20,
LEY-SETTING-004,設定,使用設定ファイル切替,Missing,Undecided,NotStarted,M,,,,,,profile selector,schema semantics,2026-08-20,
LEY-SETTING-005,設定,起動場所・初期選択,Partial,Undecided,PartialExisting,M,,,,,,restore state,missing path・privacy,2026-08-20,
LEY-SETTING-006,設定,前回画像再表示,Missing,Undecided,NotStarted,S,,,,,,restore state,privacy・removable path,2026-08-20,
LEY-SETTING-007,設定,ポータブル・レジストリ非依存,Alternative,ReviewAlternative,AlternativeExisting,NA,,,,,,profile export/import,実行folder書込を避ける,2026-08-20,
LEY-IO-001,入出力,CSV出力プリセット,Missing,Undecided,NotStarted,M,,,,,,CSV export基盤,format versioning,2026-08-20,
LEY-IO-002,入出力,CSV項目・順序,Missing,Undecided,NotStarted,M,,,,,,LEY-IO-001・metadata schema,,2026-08-20,
LEY-IO-003,入出力,CSVヘッダー,Partial,Undecided,PartialExisting,S,,,,,,LEY-IO-001,,2026-08-20,
LEY-IO-004,入出力,CSV単位,Missing,Undecided,NotStarted,S,,,,,,LEY-IO-002,rounding,2026-08-20,
LEY-IO-005,入出力,CSV対象,Missing,Undecided,NotStarted,M,,,,,,LEY-IO-001,traversal limit,2026-08-20,
LEY-IO-006,入出力,ファイル名分割,Missing,Undecided,NotStarted,M,,,,,,LEY-IO-002,local naming rules,2026-08-20,
LEY-IO-007,入出力,CLIパス指定,Missing,Undecided,NotStarted,M,,,,,,single instance・argument parser,quoting,2026-08-20,
LEY-IO-008,入出力,CLI -f,Missing,Undecided,NotStarted,S,,,,,,LEY-IO-007,,2026-08-20,
LEY-IO-009,入出力,CLI -s,Missing,Undecided,NotStarted,S,,,,,,LEY-IO-007・LEY-VIEWER-007,,2026-08-20,
LEY-PLUGIN-001,プラグイン,組込みBMP対応,Alternative,ReviewAlternative,AlternativeExisting,NA,,,,,,built-in decoder,,2026-08-20,
LEY-PLUGIN-002,プラグイン,Susie画像SPI,Alternative,ReviewAlternative,AlternativeExisting,NA,,,,,,built-in image formats,任意DLLをloadしない,2026-08-20,
LEY-PLUGIN-003,プラグイン,Susie書庫SPI,Alternative,ReviewAlternative,AlternativeExisting,NA,,,,,,built-in archive/PDF,任意DLLをloadしない,2026-08-20,
LEY-PLUGIN-004,プラグイン,プラグイン検索パス,Rejected,DeclinedSafety,Rejected,NA,,,,,,,DLL sideloading,2026-08-20,
LEY-PLUGIN-005,プラグイン,順序・有効化・個別設定,Rejected,DeclinedSafety,Rejected,NA,,,,,,,native ABI・crash・security,2026-08-20,
LEY-PLUGIN-006,プラグイン,BMPをプラグイン優先,Alternative,ReviewAlternative,AlternativeExisting,NA,,,,,,built-in decoder,deterministic decode,2026-08-20,
LEY-PLUGIN-007,プラグイン,MacBinary処理,Rejected,DeclinedSafety,Rejected,NA,,,,,,,legacy attack surface,2026-08-20,
LEY-HELP-001,ヘルプ,オフラインヘルプ,Partial,Undecided,PartialExisting,M,,,,,,docs build・localization,maintenance,2026-08-20,
LEY-HELP-002,ヘルプ,バージョン情報,Equivalent,NoAction,Existing,NA,,,,,,,,2026-08-20,
